id_colaborador,nombre_completo,email,id_area,fecha_ingreso,salario_base
2001,Ana Torres,ana.torres@empresa.com,10,2024-01-03,5200.00
2002,Carlos Medina,carlos.medina@empresa.com,20,2024-01-03,4800.00
2003,Lucia Rojas,lucia.rojas@empresa.com,30,2024-01-04,4300.00
2004,Jorge Paredes,jorge.paredes@empresa.com,40,2024-01-04,6000.00
2005,Mariana Silva,mariana.silva@empresa.com,50,2024-01-05,4500.00
2006,Pedro Castro,pedro.castro@empresa.com,10,2024-01-05,5400.00
2007,Valentina Nuñez,valentina.nunez@empresa.com,20,2024-01-06,4700.00
2008,Diego Alvarez,diego.alvarez@empresa.com,30,2024-01-06,4200.00
2009,Paola Jimenez,paola.jimenez@empresa.com,40,2024-01-07,6100.00
2010,Ricardo Salas,ricardo.salas@empresa.com,50,2024-01-07,4600.00
2011,Andrea Flores,andrea.flores@empresa.com,10,2024-01-08,5500.00
2012,Martin Vega,martin.vega@empresa.com,20,2024-01-08,4900.00
2013,Sofia Campos,sofia.campos@empresa.com,30,2024-01-09,4400.00
2014,Oscar Peña,oscar.pena@empresa.com,40,2024-01-09,6200.00
2015,Daniela Ortiz,daniela.ortiz@empresa.com,50,2024-01-10,4700.00
2016,Fernando Ruiz,fernando.ruiz@empresa.com,10,2024-01-10,5600.00
2017,Natalia Moreno,natalia.moreno@empresa.com,20,2024-01-11,5000.00
2018,Gabriel Soto,gabriel.soto@empresa.com,30,2024-01-11,4500.00
2019,Claudia Herrera,claudia.herrera@empresa.com,40,2024-01-12,6300.00
2020,Juan Castillo,juan.castillo@empresa.com,50,2024-01-12,4800.00
2021,Laura Mendez,laura.mendez@empresa.com,10,2024-01-15,5700.00
2022,Andres Ibarra,andres.ibarra@empresa.com,20,2024-01-15,5100.00
2023,Camila Farias,camila.farias@empresa.com,30,2024-01-16,4600.00
2024,Roberto Acuña,roberto.acuna@empresa.com,40,2024-01-16,6400.00
2025,Julieta Ramos,julieta.ramos@empresa.com,50,2024-01-17,4900.00
2026,Esteban Molina,esteban.molina@empresa.com,10,2024-01-17,5800.00
2027,Patricia Leon,patricia.leon@empresa.com,20,2024-01-18,5200.00
2028,Hector Bravo,hector.bravo@empresa.com,30,2024-01-18,4700.00
2029,Monica Vidal,monica.vidal@empresa.com,40,2024-01-19,6500.00
2030,Sergio Luna,sergio.luna@empresa.com,50,2024-01-19,5000.00