id_colaborador,nombre_completo,email,id_area,fecha_ingreso,salario_base
2061,Jimena Lara,jimena.lara@empresa.com,10,2024-03-01,5500.00
2062,Sebastian Pinto,sebastian.pinto@empresa.com,20,2024-03-01,5000.00
2063,Daniela Cifuentes,daniela.cifuentes@empresa.com,30,2024-03-04,4500.00
2064,Rodolfo Meza,rodolfo.meza@empresa.com,40,2024-03-04,6200.00
2065,Paula Arancibia,paula.arancibia@empresa.com,50,2024-03-05,4700.00
2066,Martin Lagos,martin.lagos@empresa.com,10,2024-03-05,5600.00
2067,Constanza Vera,constanza.vera@empresa.com,20,2024-03-06,5100.00
2068,Ignacio Pizarro,ignacio.pizarro@empresa.com,30,2024-03-06,4600.00
2069,Karen Bustamante,karen.bustamante@empresa.com,40,2024-03-07,6300.00
2070,Felipe Araya,felipe.araya@empresa.com,50,2024-03-07,4800.00
2071,Rocio Molina,rocio.molina@empresa.com,10,2024-03-08,5700.00
2072,Gonzalo Reyes,gonzalo.reyes@empresa.com,20,2024-03-08,5200.00
2073,Valeria Espinoza,valeria.espinoza@empresa.com,30,2024-03-11,4700.00
2074,Hernan Saavedra,hernan.saavedra@empresa.com,40,2024-03-11,6400.00
2075,Macarena Ulloa,macarena.ulloa@empresa.com,50,2024-03-12,4900.00
2076,Cristobal Munoz,cristobal.munoz@empresa.com,10,2024-03-12,5800.00
2077,Daniela Soto,daniela.soto@empresa.com,20,2024-03-13,5300.00
2078,Patricio Gallardo,patricio.gallardo@empresa.com,30,2024-03-13,4800.00
2079,Carolina Riquelme,carolina.riquelme@empresa.com,40,2024-03-14,6500.00
2080,Alexis Parra,alexis.parra@empresa.com,50,2024-03-14,5000.00
2081,Josefa Fuenzalida,josefa.fuenzalida@empresa.com,10,2024-03-15,5900.00
2082,Matheo Campos,matheo.campos@empresa.com,20,2024-03-15,5400.00
2083,Antonia Poblete,antonia.poblete@empresa.com,30,2024-03-18,4900.00
2084,Claudio Sepulveda,claudio.sepulveda@empresa.com,40,2024-03-18,6600.00
2085,Francisca Rojas,francisca.rojas@empresa.com,50,2024-03-19,5100.00
2086,Diego Sanhueza,diego.sanhueza@empresa.com,10,2024-03-19,6000.00
2087,Catalina Olmos,catalina.olmos@empresa.com,20,2024-03-20,5500.00
2088,Benjamin Tapia,benjamin.tapia@empresa.com,30,2024-03-20,5000.00
2089,Marcela Henríquez,marcela.henriquez@empresa.com,40,2024-03-21,6700.00
2090,Victor Orellana,victor.orellana@empresa.com,50,2024-03-21,5200.00