id_colaborador,nombre_completo,email,id_area,fecha_ingreso,salario_base
2031,Paula Reyes,paula.reyes@empresa.com,10,2024-02-01,5400.00
2032,Ignacio Soto,ignacio.soto@empresa.com,20,2024-02-01,4900.00
2033,Renata Cruz,renata.cruz@empresa.com,30,2024-02-02,4400.00
2034,Alberto Figueroa,alberto.figueroa@empresa.com,40,2024-02-02,6100.00
2035,Florencia Paz,florencia.paz@empresa.com,50,2024-02-03,4600.00
2036,Victor Rios,victor.rios@empresa.com,10,2024-02-05,5500.00
2037,Romina Torres,romina.torres@empresa.com,20,2024-02-05,5000.00
2038,Lucas Herrera,lucas.herrera@empresa.com,30,2024-02-06,4500.00
2039,Cecilia Navarro,cecilia.navarro@empresa.com,40,2024-02-06,6200.00
2040,Matias Correa,matias.correa@empresa.com,50,2024-02-07,4700.00
2041,Agustina Blanco,agustina.blanco@empresa.com,10,2024-02-08,5600.00
2042,Tomas Peralta,tomas.peralta@empresa.com,20,2024-02-08,5100.00
2043,Noelia Rivas,noelia.rivas@empresa.com,30,2024-02-09,4600.00
2044,Pablo Quiroga,pablo.quiroga@empresa.com,40,2024-02-09,6300.00
2045,Silvina Godoy,silvina.godoy@empresa.com,50,2024-02-12,4800.00
2046,Julian Ferreyra,julian.ferreyra@empresa.com,10,2024-02-12,5700.00
2047,Carla Benitez,carla.benitez@empresa.com,20,2024-02-13,5200.00
2048,Nicolas Saenz,nicolas.saenz@empresa.com,30,2024-02-13,4700.00
2049,Veronica Ledesma,veronica.ledesma@empresa.com,40,2024-02-14,6400.00
2050,Marcos Oliva,marcos.oliva@empresa.com,50,2024-02-14,4900.00
2051,Belen Aguirre,belen.aguirre@empresa.com,10,2024-02-15,5800.00
2052,Franco Tapia,franco.tapia@empresa.com,20,2024-02-15,5300.00
2053,Aldana Ponce,aldana.ponce@empresa.com,30,2024-02-16,4800.00
2054,Raul Cardenas,raul.cardenas@empresa.com,40,2024-02-16,6500.00
2055,Maria Soler,maria.soler@empresa.com,50,2024-02-19,5000.00
2056,Bruno Lozano,bruno.lozano@empresa.com,10,2024-02-19,5900.00
2057,Daniela Fuentes,daniela.fuentes@empresa.com,20,2024-02-20,5400.00
2058,Kevin Bustos,kevin.bustos@empresa.com,30,2024-02-20,4900.00
2059,Alejandra Cid,alejandra.cid@empresa.com,40,2024-02-21,6600.00
2060,Oscar Moya,oscar.moya@empresa.com,50,2024-02-21,5100.00